path,reason
/Users/rudrachopra/Documents/Codex/2026-06-10/files-mentioned-by-the-user-paper/work/revised_paper/data/fallvision_extracted/f_mask_b_1_keypoints_csv/B_D_0090_resized_keypoints.csv,short_9
/Users/rudrachopra/Documents/Codex/2026-06-10/files-mentioned-by-the-user-paper/work/revised_paper/data/fallvision_extracted/f_mask_b_1_keypoints_csv/B_D_0092_resized_keypoints.csv,short_5
/Users/rudrachopra/Documents/Codex/2026-06-10/files-mentioned-by-the-user-paper/work/revised_paper/data/fallvision_extracted/f_mask_b_1_keypoints_csv/B_D_0129_keypoints.csv,short_2
/Users/rudrachopra/Documents/Codex/2026-06-10/files-mentioned-by-the-user-paper/work/revised_paper/data/fallvision_extracted/f_mask_b_1_keypoints_csv/B_D_0134_resized_keypoints.csv,short_4
/Users/rudrachopra/Documents/Codex/2026-06-10/files-mentioned-by-the-user-paper/work/revised_paper/data/fallvision_extracted/f_mask_b_1_keypoints_csv/B_D_0135_resized_keypoints.csv,short_8
/Users/rudrachopra/Documents/Codex/2026-06-10/files-mentioned-by-the-user-paper/work/revised_paper/data/fallvision_extracted/f_mask_b_1_keypoints_csv/B_D_0136_resized_keypoints.csv,short_2
/Users/rudrachopra/Documents/Codex/2026-06-10/files-mentioned-by-the-user-paper/work/revised_paper/data/fallvision_extracted/f_mask_b_1_keypoints_csv/B_D_0181_keypoints.csv,short_5
/Users/rudrachopra/Documents/Codex/2026-06-10/files-mentioned-by-the-user-paper/work/revised_paper/data/fallvision_extracted/f_mask_b_1_keypoints_csv/B_D_0182_keypoints.csv,short_8
/Users/rudrachopra/Documents/Codex/2026-06-10/files-mentioned-by-the-user-paper/work/revised_paper/data/fallvision_extracted/f_mask_b_1_keypoints_csv/B_D_0185_keypoints.csv,short_2
/Users/rudrachopra/Documents/Codex/2026-06-10/files-mentioned-by-the-user-paper/work/revised_paper/data/fallvision_extracted/f_mask_b_2_keypoints_csv/B_N_240_keypoints.csv,short_1
/Users/rudrachopra/Documents/Codex/2026-06-10/files-mentioned-by-the-user-paper/work/revised_paper/data/fallvision_extracted/f_mask_b_2_keypoints_csv/B_N_242_keypoints.csv,short_8
/Users/rudrachopra/Documents/Codex/2026-06-10/files-mentioned-by-the-user-paper/work/revised_paper/data/fallvision_extracted/f_mask_b_2_keypoints_csv/B_N_334_resized_keypoints.csv,short_1
/Users/rudrachopra/Documents/Codex/2026-06-10/files-mentioned-by-the-user-paper/work/revised_paper/data/fallvision_extracted/f_mask_b_2_keypoints_csv/B_N_335_resized_keypoints.csv,short_1
/Users/rudrachopra/Documents/Codex/2026-06-10/files-mentioned-by-the-user-paper/work/revised_paper/data/fallvision_extracted/f_mask_b_2_keypoints_csv/B_N_336_resized_keypoints.csv,short_1
/Users/rudrachopra/Documents/Codex/2026-06-10/files-mentioned-by-the-user-paper/work/revised_paper/data/fallvision_extracted/f_mask_b_2_keypoints_csv/B_N_337_resized_keypoints.csv,parse_failed
/Users/rudrachopra/Documents/Codex/2026-06-10/files-mentioned-by-the-user-paper/work/revised_paper/data/fallvision_extracted/f_mask_b_2_keypoints_csv/B_N_338_resized_keypoints.csv,short_4
/Users/rudrachopra/Documents/Codex/2026-06-10/files-mentioned-by-the-user-paper/work/revised_paper/data/fallvision_extracted/f_mask_b_2_keypoints_csv/B_N_339_resized_keypoints.csv,short_5
/Users/rudrachopra/Documents/Codex/2026-06-10/files-mentioned-by-the-user-paper/work/revised_paper/data/fallvision_extracted/f_mask_b_2_keypoints_csv/B_N_341_resized_keypoints.csv,short_1
/Users/rudrachopra/Documents/Codex/2026-06-10/files-mentioned-by-the-user-paper/work/revised_paper/data/fallvision_extracted/f_mask_b_2_keypoints_csv/B_N_342_resized_keypoints.csv,parse_failed
/Users/rudrachopra/Documents/Codex/2026-06-10/files-mentioned-by-the-user-paper/work/revised_paper/data/fallvision_extracted/f_mask_b_2_keypoints_csv/B_N_343_resized_keypoints.csv,short_2
/Users/rudrachopra/Documents/Codex/2026-06-10/files-mentioned-by-the-user-paper/work/revised_paper/data/fallvision_extracted/f_mask_b_2_keypoints_csv/B_N_344_resized_keypoints.csv,short_1
/Users/rudrachopra/Documents/Codex/2026-06-10/files-mentioned-by-the-user-paper/work/revised_paper/data/fallvision_extracted/f_mask_b_2_keypoints_csv/B_N_345_resized_keypoints.csv,parse_failed
/Users/rudrachopra/Documents/Codex/2026-06-10/files-mentioned-by-the-user-paper/work/revised_paper/data/fallvision_extracted/f_mask_b_2_keypoints_csv/B_N_346_resized_keypoints.csv,short_3
/Users/rudrachopra/Documents/Codex/2026-06-10/files-mentioned-by-the-user-paper/work/revised_paper/data/fallvision_extracted/f_mask_b_2_keypoints_csv/B_N_347_resized_keypoints.csv,short_1
/Users/rudrachopra/Documents/Codex/2026-06-10/files-mentioned-by-the-user-paper/work/revised_paper/data/fallvision_extracted/f_mask_b_2_keypoints_csv/B_N_348_resized_keypoints.csv,parse_failed
/Users/rudrachopra/Documents/Codex/2026-06-10/files-mentioned-by-the-user-paper/work/revised_paper/data/fallvision_extracted/f_mask_b_2_keypoints_csv/B_N_349_resized_keypoints.csv,parse_failed
/Users/rudrachopra/Documents/Codex/2026-06-10/files-mentioned-by-the-user-paper/work/revised_paper/data/fallvision_extracted/f_mask_b_2_keypoints_csv/B_N_350_resized_keypoints.csv,short_6
/Users/rudrachopra/Documents/Codex/2026-06-10/files-mentioned-by-the-user-paper/work/revised_paper/data/fallvision_extracted/f_mask_b_2_keypoints_csv/B_N_351_resized_keypoints.csv,parse_failed
/Users/rudrachopra/Documents/Codex/2026-06-10/files-mentioned-by-the-user-paper/work/revised_paper/data/fallvision_extracted/f_mask_b_2_keypoints_csv/B_N_352_resized_keypoints.csv,short_8
/Users/rudrachopra/Documents/Codex/2026-06-10/files-mentioned-by-the-user-paper/work/revised_paper/data/fallvision_extracted/f_mask_b_2_keypoints_csv/B_N_353_resized_keypoints.csv,short_1
/Users/rudrachopra/Documents/Codex/2026-06-10/files-mentioned-by-the-user-paper/work/revised_paper/data/fallvision_extracted/f_mask_b_2_keypoints_csv/B_N_354_resized_keypoints.csv,short_4
/Users/rudrachopra/Documents/Codex/2026-06-10/files-mentioned-by-the-user-paper/work/revised_paper/data/fallvision_extracted/f_mask_b_3_keypoints_csv/B_N_33_keypoints.csv,short_7
/Users/rudrachopra/Documents/Codex/2026-06-10/files-mentioned-by-the-user-paper/work/revised_paper/data/fallvision_extracted/f_mask_b_3_keypoints_csv/B_N_35_keypoints.csv,short_9
/Users/rudrachopra/Documents/Codex/2026-06-10/files-mentioned-by-the-user-paper/work/revised_paper/data/fallvision_extracted/f_mask_b_4_keypoints_csv/B_M_89_resized_keypoints.csv,short_6
/Users/rudrachopra/Documents/Codex/2026-06-10/files-mentioned-by-the-user-paper/work/revised_paper/data/fallvision_extracted/nf_mask_b_1_ketpoints_csv/B_N_276_resized_keypoints.csv,short_4
/Users/rudrachopra/Documents/Codex/2026-06-10/files-mentioned-by-the-user-paper/work/revised_paper/data/fallvision_extracted/nf_mask_b_1_ketpoints_csv/B_N_286_resized_keypoints.csv,short_3
/Users/rudrachopra/Documents/Codex/2026-06-10/files-mentioned-by-the-user-paper/work/revised_paper/data/fallvision_extracted/nf_mask_b_1_ketpoints_csv/B_N_291_resized_keypoints.csv,short_6
/Users/rudrachopra/Documents/Codex/2026-06-10/files-mentioned-by-the-user-paper/work/revised_paper/data/fallvision_extracted/nf_mask_b_1_ketpoints_csv/B_N_335_resized_keypoints.csv,parse_failed
/Users/rudrachopra/Documents/Codex/2026-06-10/files-mentioned-by-the-user-paper/work/revised_paper/data/fallvision_extracted/nf_mask_b_1_ketpoints_csv/B_N_336_resized_keypoints.csv,short_1
/Users/rudrachopra/Documents/Codex/2026-06-10/files-mentioned-by-the-user-paper/work/revised_paper/data/fallvision_extracted/nf_mask_b_1_ketpoints_csv/B_N_338_resized_keypoints.csv,parse_failed
/Users/rudrachopra/Documents/Codex/2026-06-10/files-mentioned-by-the-user-paper/work/revised_paper/data/fallvision_extracted/nf_mask_b_1_ketpoints_csv/B_N_342_resized_keypoints.csv,parse_failed
/Users/rudrachopra/Documents/Codex/2026-06-10/files-mentioned-by-the-user-paper/work/revised_paper/data/fallvision_extracted/nf_mask_b_1_ketpoints_csv/B_N_343_resized_keypoints.csv,short_1
/Users/rudrachopra/Documents/Codex/2026-06-10/files-mentioned-by-the-user-paper/work/revised_paper/data/fallvision_extracted/nf_mask_b_1_ketpoints_csv/B_N_344_resized_keypoints.csv,short_1
/Users/rudrachopra/Documents/Codex/2026-06-10/files-mentioned-by-the-user-paper/work/revised_paper/data/fallvision_extracted/nf_mask_b_1_ketpoints_csv/B_N_345_resized_keypoints.csv,short_2
/Users/rudrachopra/Documents/Codex/2026-06-10/files-mentioned-by-the-user-paper/work/revised_paper/data/fallvision_extracted/nf_mask_b_1_ketpoints_csv/B_N_346_resized_keypoints.csv,short_2
/Users/rudrachopra/Documents/Codex/2026-06-10/files-mentioned-by-the-user-paper/work/revised_paper/data/fallvision_extracted/nf_mask_b_1_ketpoints_csv/B_N_349_resized_keypoints.csv,short_2
/Users/rudrachopra/Documents/Codex/2026-06-10/files-mentioned-by-the-user-paper/work/revised_paper/data/fallvision_extracted/nf_mask_b_1_ketpoints_csv/B_N_351_resized_keypoints.csv,short_1
/Users/rudrachopra/Documents/Codex/2026-06-10/files-mentioned-by-the-user-paper/work/revised_paper/data/fallvision_extracted/nf_mask_b_1_ketpoints_csv/B_N_352_resized_keypoints.csv,short_9
/Users/rudrachopra/Documents/Codex/2026-06-10/files-mentioned-by-the-user-paper/work/revised_paper/data/fallvision_extracted/nf_mask_b_1_ketpoints_csv/B_N_468_resized_keypoints.csv,short_7
/Users/rudrachopra/Documents/Codex/2026-06-10/files-mentioned-by-the-user-paper/work/revised_paper/data/fallvision_extracted/nf_mask_b_1_ketpoints_csv/B_N_523_keypoints.csv,short_2
/Users/rudrachopra/Documents/Codex/2026-06-10/files-mentioned-by-the-user-paper/work/revised_paper/data/fallvision_extracted/nf_mask_b_1_ketpoints_csv/B_N_524_keypoints.csv,short_3
/Users/rudrachopra/Documents/Codex/2026-06-10/files-mentioned-by-the-user-paper/work/revised_paper/data/fallvision_extracted/nf_mask_b_2_ketpoints_csv/B_N_74_resized_keypoints.csv,short_1
/Users/rudrachopra/Documents/Codex/2026-06-10/files-mentioned-by-the-user-paper/work/revised_paper/data/fallvision_extracted/nf_mask_b_2_ketpoints_csv/B_N_79_resized_keypoints.csv,short_1
/Users/rudrachopra/Documents/Codex/2026-06-10/files-mentioned-by-the-user-paper/work/revised_paper/data/fallvision_extracted/nf_mask_b_3_ketpoints_csv/B_M_75_keypoints.csv,short_8
/Users/rudrachopra/Documents/Codex/2026-06-10/files-mentioned-by-the-user-paper/work/revised_paper/data/fallvision_extracted/nf_mask_b_3_ketpoints_csv/B_M_78_keypoints.csv,short_4
/Users/rudrachopra/Documents/Codex/2026-06-10/files-mentioned-by-the-user-paper/work/revised_paper/data/fallvision_extracted/nf_mask_b_3_ketpoints_csv/B_M_89_resized_keypoints.csv,short_4
/Users/rudrachopra/Documents/Codex/2026-06-10/files-mentioned-by-the-user-paper/work/revised_paper/data/fallvision_extracted/nf_mask_b_4_ketpoints_csv/B_D_0003_keypoints.csv,short_5
/Users/rudrachopra/Documents/Codex/2026-06-10/files-mentioned-by-the-user-paper/work/revised_paper/data/fallvision_extracted/nf_mask_b_4_ketpoints_csv/B_D_0004_keypoints.csv,short_5
/Users/rudrachopra/Documents/Codex/2026-06-10/files-mentioned-by-the-user-paper/work/revised_paper/data/fallvision_extracted/nf_mask_b_4_ketpoints_csv/B_D_0005_keypoints.csv,short_6
/Users/rudrachopra/Documents/Codex/2026-06-10/files-mentioned-by-the-user-paper/work/revised_paper/data/fallvision_extracted/nf_mask_b_4_ketpoints_csv/B_D_0051_keypoints.csv,short_6
/Users/rudrachopra/Documents/Codex/2026-06-10/files-mentioned-by-the-user-paper/work/revised_paper/data/fallvision_extracted/nf_mask_b_4_ketpoints_csv/B_D_0052_keypoints.csv,short_2
/Users/rudrachopra/Documents/Codex/2026-06-10/files-mentioned-by-the-user-paper/work/revised_paper/data/fallvision_extracted/nf_mask_b_4_ketpoints_csv/B_D_0053_keypoints.csv,short_1
/Users/rudrachopra/Documents/Codex/2026-06-10/files-mentioned-by-the-user-paper/work/revised_paper/data/fallvision_extracted/nf_mask_b_4_ketpoints_csv/B_D_0054_keypoints.csv,parse_failed
/Users/rudrachopra/Documents/Codex/2026-06-10/files-mentioned-by-the-user-paper/work/revised_paper/data/fallvision_extracted/nf_mask_b_4_ketpoints_csv/B_D_0055_keypoints.csv,parse_failed
/Users/rudrachopra/Documents/Codex/2026-06-10/files-mentioned-by-the-user-paper/work/revised_paper/data/fallvision_extracted/nf_mask_b_4_ketpoints_csv/B_D_0056_keypoints.csv,short_6
/Users/rudrachopra/Documents/Codex/2026-06-10/files-mentioned-by-the-user-paper/work/revised_paper/data/fallvision_extracted/nf_mask_b_4_ketpoints_csv/B_D_0057_keypoints.csv,short_6
/Users/rudrachopra/Documents/Codex/2026-06-10/files-mentioned-by-the-user-paper/work/revised_paper/data/fallvision_extracted/nf_mask_b_4_ketpoints_csv/B_D_0090_resized_keypoints.csv,parse_failed
/Users/rudrachopra/Documents/Codex/2026-06-10/files-mentioned-by-the-user-paper/work/revised_paper/data/fallvision_extracted/nf_mask_b_4_ketpoints_csv/B_D_0092_resized_keypoints.csv,short_3
/Users/rudrachopra/Documents/Codex/2026-06-10/files-mentioned-by-the-user-paper/work/revised_paper/data/fallvision_extracted/nf_mask_b_4_ketpoints_csv/B_D_0190_keypoints.csv,short_6
/Users/rudrachopra/Documents/Codex/2026-06-10/files-mentioned-by-the-user-paper/work/revised_paper/data/fallvision_extracted/nf_mask_c_2_keypoints_csv/C_M_146_resized_keypoints.csv,short_8
/Users/rudrachopra/Documents/Codex/2026-06-10/files-mentioned-by-the-user-paper/work/revised_paper/data/fallvision_extracted/nf_mask_s_1_keypoints_csv/S_D_0187_keypoints.csv,short_8
